PCA_0,PCA_1,PCA_2,PCA_3,PCA_4,PCA_5,PCA_6,PCA_7,PCA_8,PCA_9,PCA_10,PCA_11,PCA_12,PCA_13,PCA_14,PCA_15,PCA_16,PCA_17,PCA_18,PCA_19,PCA_20,PCA_21,PCA_22,PCA_23,PCA_24,PCA_25,PCA_26,PCA_27,PCA_28,PCA_29,PCA_30,PCA_31,PCA_32,PCA_33,PCA_34,PCA_35,prediction,target
2171.950983803868,-7.272654179701938,76.32522802080211,-10.976905811380789,1.4803148326554592,32.34136651697828,-125.6553820482429,0.9340660735431641,-90.13287939791208,27.970882436182087,-0.6491252583363352,16.871319057587378,-30.54427489272461,9.978282144573747,-8.374471382510325,-8.676962792999307,-17.53235544219611,1.908111085988775,-11.294113135234955,12.579239645488467,13.254247765465568,-29.733451785205048,-16.09919362719883,-10.713133950066936,-11.96995464776397,15.079214408320368,-18.769520907211447,-1.9358290276600694,20.07748862543809,-1.1335661611994663,5.156569478554644,3.2207066925844803,8.940034425782176,10.554838447498437,-20.14428243526081,-0.378235719635434,1,1
-37.59873295761411,-39.81181835413294,7.676688699893907,3.049424190113642,-5.28581142279011,7.7072888295997855,0.6575684813129928,0.9957863094521479,0.40385249480050933,-7.130625747479939,-1.0078593703325163,1.4223280531512221,-4.467937213460161,1.1981602722815436,0.7285060463888795,2.2326688107893102,-1.2333207238471648,-0.6151438623055687,-3.5427217221702563,1.6849732111242939,-3.17746446666849,1.0306601183440813,3.0853603154514904,6.537419359998788,3.300703435545542,-5.7733024389300205,-3.6652584696872887,-3.5386529405192557,3.5617886101352068,0.913708445850582,1.4474210118294148,1.224604719136102,-2.4065658570676773,0.7891077415637815,-0.05024410983931256,3.7973966555948313,1,0
658.1035624061827,-4.089167560973706,-28.68703888257396,-27.14533284946534,-11.907400765728898,-8.012313940874288,-57.256645631594154,-13.795631240316201,-21.038802205326167,-0.2221878235119319,-8.40237869532157,6.591939454399872,23.83315703809078,-5.030661894977118,4.757675082918433,-2.7543451521361852,3.5253821747267216,-4.540102008083943,1.6516402551305749,-7.056632785319612,2.6220136539407726,1.616575726550579,3.5612227393543527,0.2550100555471981,-1.3999044176843398,1.5136325748583843,-4.572612711148371,2.1158246501552513,-1.4121562496645472,3.6863321998916785,-1.2834518843678129,-1.2948887436038508,1.916803219339969,4.180625348568843,-2.682334874612475,3.0809903300558616,1,0
-123.95336094344,-47.9342571837102,32.358096916489124,32.29125485984549,4.67866857739722,9.052199779671,3.2319676897342164,-3.329412502501414,3.780629277703921,-2.8199166179189494,1.0335584171440615,-8.479208268189822,-18.551594077024973,-14.471819764953802,1.2340381748042097,0.14686091206882235,-1.081343689149758,4.4530265022100215,-5.215571204340113,-7.108474280175302,-1.5846965965285948,-8.605759515552528,4.619673250174433,-0.8211966671710811,-1.0799597067743973,-8.943580728737839,-2.004963852605429,-11.00317948623745,1.8598922492722385,0.007256093068514824,-2.571844956099864,-5.85934909419417,-6.984618205428159,7.380145939771621,5.551431132453705,2.5619669134308602,1,0
1644.5758034816608,-662.6710504788211,39.305731242937725,-199.27141880549348,8.64952208776116,-34.72080643517835,-86.3885620900268,57.74314897208569,-38.20545456476788,-47.94703012239333,43.8533574286729,-78.9037788330298,-36.74453685471097,-47.83896784220994,15.409648988196894,59.40006433330069,-26.5776928425163,4.21444801078197,38.005093475694466,8.011070391088314,6.996800897887331,-1.0852260639685767,0.1363988499157962,-15.361013993003446,5.652362974235479,6.7850706206277565,40.20611338606636,-24.576807083678585,8.141614469717343,-23.157719393340095,-46.0057116707727,4.879875800310801,5.1905245910366045,59.775602706026895,55.727736667257275,26.349182657493266,1,0
-147.63753329510408,105.81549306068895,125.216311505554,-9.387930976584952,43.884600085992346,56.074218691462974,24.23199025416407,-51.19908581477331,-29.164190821216604,42.084731606902814,33.00383151832535,11.241674648146398,48.03367949136709,-20.809932547930362,-1.76680749947418,-17.629372264222482,-4.130851125765348,-16.330164846865806,-8.755860022925837,-0.07016019479764868,7.8009263858902935,30.389072274482146,35.914794832942015,-0.4543889257139224,9.108034215482785,-6.102704230047497,0.6181705298644327,24.94049074018651,-9.720176681695845,4.4670044408706255,14.735421888586005,-5.650853479407846,-15.163368736590972,-5.601612544903208,0.5346553864852077,12.20466816404832,1,0
-1.676711847954921,-5.892298721780664,-9.60583578397397,2.5858475981585336,0.9246302341113035,3.32499445812264,2.1199271005311453,-12.22427231171161,4.394282167503723,-1.0139009716433092,-3.639389743109076,11.920990194306961,2.6201807838593942,-3.573650278013322,0.3624785072611317,-18.465079005239126,15.998594834335686,9.470918915920265,2.709308780179465,6.378825352402208,1.6484733477749616,2.1631989173512034,6.552276008846049,8.327649744898945,6.526648845592785,4.858588527931377,-3.5633786943975787,1.7546934850472176,1.7646579960951718,1.856422358539191,-1.128133290564494,3.4081211596838172,-0.9984178796719241,1.1255089442233486,-3.662772976961316,-2.3773612292580526,1,0
-1.676711847954921,-5.892298721780664,-9.60583578397397,2.5858475981585336,0.9246302341113035,3.32499445812264,2.1199271005311453,-12.22427231171161,4.394282167503723,-1.0139009716433092,-3.639389743109076,11.920990194306961,2.6201807838593942,-3.573650278013322,0.3624785072611317,-18.465079005239126,15.998594834335686,9.470918915920265,2.709308780179465,6.378825352402208,1.6484733477749616,2.1631989173512034,6.552276008846049,8.327649744898945,6.526648845592785,4.858588527931377,-3.5633786943975787,1.7546934850472176,1.7646579960951718,1.856422358539191,-1.128133290564494,3.4081211596838172,-0.9984178796719241,1.1255089442233486,-3.662772976961316,-2.3773612292580526,1,0
-1.676711847954921,-5.892298721780664,-9.60583578397397,2.5858475981585336,0.9246302341113035,3.32499445812264,2.1199271005311453,-12.22427231171161,4.394282167503723,-1.0139009716433092,-3.639389743109076,11.920990194306961,2.6201807838593942,-3.573650278013322,0.3624785072611317,-18.465079005239126,15.998594834335686,9.470918915920265,2.709308780179465,6.378825352402208,1.6484733477749616,2.1631989173512034,6.552276008846049,8.327649744898945,6.526648845592785,4.858588527931377,-3.5633786943975787,1.7546934850472176,1.7646579960951718,1.856422358539191,-1.128133290564494,3.4081211596838172,-0.9984178796719241,1.1255089442233486,-3.662772976961316,-2.3773612292580526,1,0
-1.676711847954921,-5.892298721780664,-9.60583578397397,2.5858475981585336,0.9246302341113035,3.32499445812264,2.1199271005311453,-12.22427231171161,4.394282167503723,-1.0139009716433092,-3.639389743109076,11.920990194306961,2.6201807838593942,-3.573650278013322,0.3624785072611317,-18.465079005239126,15.998594834335686,9.470918915920265,2.709308780179465,6.378825352402208,1.6484733477749616,2.1631989173512034,6.552276008846049,8.327649744898945,6.526648845592785,4.858588527931377,-3.5633786943975787,1.7546934850472176,1.7646579960951718,1.856422358539191,-1.128133290564494,3.4081211596838172,-0.9984178796719241,1.1255089442233486,-3.662772976961316,-2.3773612292580526,1,0
-1.676711847954921,-5.892298721780664,-9.60583578397397,2.5858475981585336,0.9246302341113035,3.32499445812264,2.1199271005311453,-12.22427231171161,4.394282167503723,-1.0139009716433092,-3.639389743109076,11.920990194306961,2.6201807838593942,-3.573650278013322,0.3624785072611317,-18.465079005239126,15.998594834335686,9.470918915920265,2.709308780179465,6.378825352402208,1.6484733477749616,2.1631989173512034,6.552276008846049,8.327649744898945,6.526648845592785,4.858588527931377,-3.5633786943975787,1.7546934850472176,1.7646579960951718,1.856422358539191,-1.128133290564494,3.4081211596838172,-0.9984178796719241,1.1255089442233486,-3.662772976961316,-2.3773612292580526,1,0
-1.676711847954921,-5.892298721780664,-9.60583578397397,2.5858475981585336,0.9246302341113035,3.32499445812264,2.1199271005311453,-12.22427231171161,4.394282167503723,-1.0139009716433092,-3.639389743109076,11.920990194306961,2.6201807838593942,-3.573650278013322,0.3624785072611317,-18.465079005239126,15.998594834335686,9.470918915920265,2.709308780179465,6.378825352402208,1.6484733477749616,2.1631989173512034,6.552276008846049,8.327649744898945,6.526648845592785,4.858588527931377,-3.5633786943975787,1.7546934850472176,1.7646579960951718,1.856422358539191,-1.128133290564494,3.4081211596838172,-0.9984178796719241,1.1255089442233486,-3.662772976961316,-2.3773612292580526,1,0
-339.08760244807274,29.131044344639964,-1.2558218560134589,9.221061271013177,-2.8988044222125886,15.335301931792205,18.548270571397264,-9.339807089517848,6.31715421368414,11.621650181434928,0.6388786308461287,10.679103715406272,5.462275435258606,-2.6809191581483267,-4.392716988734335,-32.48440629754955,3.8001836878578574,-5.340456313617396,27.44468114130737,-16.26773872912343,12.990647132262719,13.05292914271693,-2.5456906099080947,3.056379328904395,-4.336843440292567,12.191622640125246,1.1171640632601623,-4.71035585594684,-15.769594390353237,-4.1621201733535,3.102712836821346,-1.7671169829722984,4.664542417163142,6.979340805391627,-2.4943248751744216,-6.458169483916822,0,1
1753.0505952341682,229.5215345417896,-27.02014324352374,-51.75700889556375,2.281554499137542,-39.0510124087142,-52.844160220714826,14.430276826256497,-40.6985062145792,16.48482915616998,17.819847293386623,-1.640175282243289,-24.63079663231481,-32.565311481336494,19.117089750870804,21.16806711596515,-2.141652289376168,3.631735703719599,-16.283204366506034,5.187692063368824,-3.436745225227643,9.63227580638545,2.6635197519957545,11.06358413969375,10.18668272300369,-0.48414677035090214,-0.5087896084873691,-0.5509311409923496,1.8119451897512917,-2.5137059449706047,-7.063957356573256,-0.920955342024949,3.5205477762713464,-17.927977350114446,-2.6300950153110776,0.8699768908568863,1,1
-911.8670030232319,-55.96571774981526,133.7122558826746,-44.52837233123451,-33.53886698342143,11.712001449020928,43.15117573212222,8.819694835846711,-11.327422951962019,42.12771747659227,-4.734464981734053,-13.552544859315013,-22.08810791857046,18.759250124077372,8.121172020496783,14.721169376431268,-21.834876772608958,9.827335438944209,-20.643729784705528,0.6023555339584263,11.515318115675612,15.472026391056684,1.6518653911429615,-18.227575726752363,18.58238157800517,-12.222817799983428,12.382700384747809,5.462583035818263,0.6640747949860417,-4.6496732769776274,-5.457465560330775,-17.544534304988662,-19.4490559282812,15.0240458791186,-26.219928199718865,16.878501038467643,1,1
-77.49361029866327,-71.8506325316089,47.95619505368448,-9.349476634546944,51.58891943365756,58.44619802802071,-26.35362728209736,-93.75483621674931,69.91118157689847,22.842352943674992,-38.664264903442785,-86.62164428352037,36.77529442465198,28.491568953927825,45.579277338938084,-21.61759150562825,6.37105832477653,42.32540191442299,-39.54989960568245,10.97285480362752,16.006991059340447,-0.10913677196932495,-25.213044229045543,41.47349580374133,33.09986080535841,-51.646933293575756,-7.365880182910121,-1.276666648060216,24.635900986499983,42.38654072714245,-16.771463219445707,-0.9734464801571182,-9.742266019011643,6.796584965074052,-22.841841134219383,-23.438977782922247,0,0
1075.7240915216369,-22.66123883319208,-215.6892610806374,25.686785365094554,-46.51740672622581,-130.4666281385999,-74.85458629198715,4.315118319371101,-75.54031001867628,29.01116871297589,-14.556196391754257,-7.647871894799884,69.9478093295662,50.54546132340986,66.71828919847982,12.232786857463456,-31.054226514444302,-37.70500649538306,-23.480545776040074,14.72195402133359,6.726178822923554,-38.6730712692645,55.12057933237402,-50.016276245242054,-44.18847754778801,21.953449048778594,-35.17726964512881,35.93661230733885,23.483214235324695,-21.43245451606325,7.720523167710795,9.657492637545637,35.378564361475554,-21.214699144798857,-5.754246138600624,-18.053242042136805,0,0
738.82509706519,-14.797122239572152,1.3051137878302335,-7.635623433837205,-40.8909297369206,6.754851384252386,-27.15470313791529,2.129769866423116,-16.055885719658285,-4.255220782696462,-12.403548687299404,-5.147348603819614,-6.240915025381771,12.498632901346035,15.92249640405823,-1.9899010675370516,0.7726117785367776,2.6727569610004265,0.4161067658119122,4.433857004693863,23.110761943694545,5.822555680417914,-3.4290344129002044,-24.028425899571797,-2.709899853581325,-4.346889233584907,0.13555065885186757,-0.9926275133956325,2.6594615869382023,4.8884586382231845,3.303893222672259,11.276933822981858,-0.8739637439338224,6.908950633608241,-3.4458604492610787,6.271757408105772,0,1
1644.5758034816608,-662.6710504788211,39.305731242937725,-199.27141880549348,8.64952208776116,-34.72080643517835,-86.3885620900268,57.74314897208569,-38.20545456476788,-47.94703012239333,43.8533574286729,-78.9037788330298,-36.74453685471097,-47.83896784220994,15.409648988196894,59.40006433330069,-26.5776928425163,4.21444801078197,38.005093475694466,8.011070391088314,6.996800897887331,-1.0852260639685767,0.1363988499157962,-15.361013993003446,5.652362974235479,6.7850706206277565,40.20611338606636,-24.576807083678585,8.141614469717343,-23.157719393340095,-46.0057116707727,4.879875800310801,5.1905245910366045,59.775602706026895,55.727736667257275,26.349182657493266,1,1
345.44902358867347,-249.7792678008409,293.2717554417586,35.64967146100155,-8.411971494451581,-212.0811900722071,-29.504757522591472,34.06287733623163,-28.895357681803265,12.602743434633437,295.6456615244608,126.79037708200666,86.44413057425277,128.7663239644227,63.68386471090029,46.3457751775755,-63.919982904805494,-88.69410901849375,-2.797113115275655,-78.57055887764655,28.051548214607593,19.576801817335724,25.847784817538482,4.051182033832926,64.50256132326136,4.566086166960976,-14.583567294509944,87.8857178922722,-33.27380655175018,-9.218210312206272,-4.331688574845218,56.60151262613244,32.51116405930706,4.538152163410201,-18.409163148248446,-2.958013998808439,0,0
633.375028786033,66.01041529280059,76.09335627900224,-42.06922844414682,-47.82277717818159,-12.59915238583991,-40.9498536356266,7.611232603920801,2.4740851387795946,-26.022771252446773,16.394783175187463,3.2130438143536795,1.277639280887937,6.8885209850924065,-19.150633543039113,29.07662787416631,-1.546309998258323,7.1167064199022665,-6.2212646594988685,3.249176774052784,-4.034707585391034,4.882449361939713,-6.239262405231239,8.83936397969764,-15.906620864734936,-12.702310240420756,-19.103775437146176,-3.4673500168972176,-14.115189682711197,10.498225864654977,8.97106695776191,25.183328014147467,-2.3197067522847616,8.514040975173671,12.030630705187306,-8.059401885525627,0,0
-650.3005467245438,15.71592236003014,290.055184065386,15.621399298940613,-29.55997834354701,-156.28512793705175,-76.6623514369303,-61.67818363197695,14.908737308982618,-58.73133439743501,-83.61445427465608,-23.10253136011892,-60.87952839283596,21.75592305038771,111.72123780042166,-27.66393804938245,32.644400824972934,41.616845901110395,7.559435819969087,63.36108958106349,46.82506934414571,67.26738220231266,-8.85099648340077,-35.83477268801207,54.59568204019724,-67.58920925292023,-4.497777552854917,-35.18151390745521,-46.655129319660766,-34.42412328642098,37.41996998049236,63.8196139165948,-44.77519637632991,-13.602311972733327,-27.38951693433039,11.598221618567775,0,0
1914.982326117892,-100.14669646815628,-285.3591231688862,41.80259427382725,149.1285391710247,27.972785099032382,-184.0742476148678,10.191753015370981,69.13817897932606,159.2089156490543,35.995064737336236,-42.219584737993706,4.2921646782142036,-59.667832445410596,-32.151699062356194,22.94028407734124,43.3854534612222,-43.91250269893134,-61.76996102624685,-26.480511791134624,29.382003929916536,42.755966858996246,-31.155946481496436,-96.47079166608655,-10.219800382310815,8.701621825477345,41.09465672614325,-17.258920159770614,-81.8880069280281,-47.36315463895126,3.8733307492273408,5.86229713307428,-16.290264209542833,-0.5608980373562007,3.0032276267409896,-21.05244794476639,0,0
1644.5758034816608,-662.6710504788211,39.305731242937725,-199.27141880549348,8.64952208776116,-34.72080643517835,-86.3885620900268,57.74314897208569,-38.20545456476788,-47.94703012239333,43.8533574286729,-78.9037788330298,-36.74453685471097,-47.83896784220994,15.409648988196894,59.40006433330069,-26.5776928425163,4.21444801078197,38.005093475694466,8.011070391088314,6.996800897887331,-1.0852260639685767,0.1363988499157962,-15.361013993003446,5.652362974235479,6.7850706206277565,40.20611338606636,-24.576807083678585,8.141614469717343,-23.157719393340095,-46.0057116707727,4.879875800310801,5.1905245910366045,59.775602706026895,55.727736667257275,26.349182657493266,0,0
231.54422958926543,143.96059035565128,134.52014385153907,-24.51264512037389,50.158544372456355,30.490219680454167,-106.71457173777186,-25.011595826955485,1.951081582239805,41.34282314455794,61.991812674685775,26.431733693526372,-84.86125102104415,79.97554634086102,-41.3090489121229,-96.3704039525995,-25.640871860199564,1.4006990569550042,-13.655962735617036,-0.18712553985672997,-12.144976222471373,29.73717565917027,-84.7162102761619,-17.03580100113627,26.696892917624172,63.023541545774286,15.700721315740829,-7.647905012250241,-9.754548848343148,2.47231377518761,-2.3771962948014496,-2.894537496770763,7.434872609771853,4.4772091371892095,-11.828690142648338,-22.518577602045593,0,0
1753.0505952341682,229.5215345417896,-27.02014324352374,-51.75700889556375,2.281554499137542,-39.0510124087142,-52.844160220714826,14.430276826256497,-40.6985062145792,16.48482915616998,17.819847293386623,-1.640175282243289,-24.63079663231481,-32.565311481336494,19.117089750870804,21.16806711596515,-2.141652289376168,3.631735703719599,-16.283204366506034,5.187692063368824,-3.436745225227643,9.63227580638545,2.6635197519957545,11.06358413969375,10.18668272300369,-0.48414677035090214,-0.5087896084873691,-0.5509311409923496,1.8119451897512917,-2.5137059449706047,-7.063957356573256,-0.920955342024949,3.5205477762713464,-17.927977350114446,-2.6300950153110776,0.8699768908568863,0,0
1410.946806821381,-138.55770013085515,-60.46905813934898,101.35968730546463,31.215692612846993,1.4322455044578515,-111.9889926908647,155.2845564743932,-82.75932503315816,65.62933916254853,-8.955689287991802,-38.17544488785415,-33.13354905390321,8.945530923209937,-12.165391786626989,21.174706721519467,53.98428139072312,-28.954943395288225,7.9650163016318105,-3.1531337690278285,54.17951860904157,0.8540829080315326,40.86855421236464,5.7289668719686375,3.639991805656198,15.003493476337342,75.77370407837091,14.013347092316408,23.189511756345084,-58.976684818772796,-36.209020761202375,-36.497801368246,25.928246910382803,-12.826495430253974,5.296391450118439,15.516690920927896,0,0
2171.950983803868,-7.272654179701938,76.32522802080211,-10.976905811380789,1.4803148326554592,32.34136651697828,-125.6553820482429,0.9340660735431641,-90.13287939791208,27.970882436182087,-0.6491252583363352,16.871319057587378,-30.54427489272461,9.978282144573747,-8.374471382510325,-8.676962792999307,-17.53235544219611,1.908111085988775,-11.294113135234955,12.579239645488467,13.254247765465568,-29.733451785205048,-16.09919362719883,-10.713133950066936,-11.96995464776397,15.079214408320368,-18.769520907211447,-1.9358290276600694,20.07748862543809,-1.1335661611994663,5.156569478554644,3.2207066925844803,8.940034425782176,10.554838447498437,-20.14428243526081,-0.378235719635434,0,0
1753.0505952341682,229.5215345417896,-27.02014324352374,-51.75700889556375,2.281554499137542,-39.0510124087142,-52.844160220714826,14.430276826256497,-40.6985062145792,16.48482915616998,17.819847293386623,-1.640175282243289,-24.63079663231481,-32.565311481336494,19.117089750870804,21.16806711596515,-2.141652289376168,3.631735703719599,-16.283204366506034,5.187692063368824,-3.436745225227643,9.63227580638545,2.6635197519957545,11.06358413969375,10.18668272300369,-0.48414677035090214,-0.5087896084873691,-0.5509311409923496,1.8119451897512917,-2.5137059449706047,-7.063957356573256,-0.920955342024949,3.5205477762713464,-17.927977350114446,-2.6300950153110776,0.8699768908568863,0,0
172.68238019517563,0.2917471094993047,7.257435926749922,0.6693340210479097,2.2848485637841565,3.3396048798527627,-6.916370466655743,0.223743211936267,-6.143227440184109,2.219079198653939,0.6283578277217207,1.3057241139462175,-3.3407840069157517,1.5894281653160882,-1.2417469559110428,-1.095156122715811,-2.1470971657626436,0.1617619032768559,0.062051690983736196,0.8918873398105729,1.549976400865646,-2.4937615758791862,-1.20088282830831,-0.975446894384244,-0.8805126824821938,1.4792509156859066,-1.4420665309796892,-0.08619035932032748,1.3167811472585158,-0.28637364801492904,0.3308796381183682,0.28970417080450117,0.7318937263179027,1.4860493306754232,-1.5581140927550876,-0.2129735909273609,0,0
-128.3363942390851,10.76896136640756,-3.820724295700003,-0.4422858489182796,-0.6835018257418768,0.7479936526705881,-1.0429823715359978,5.834847289591479,6.708797565825122,-4.914319372736495,-0.9100382726619862,-2.2977373039011337,7.648990824493462,8.64161238037714,-1.1950981673872303,2.209862687858555,4.994347334459716,0.597811501356072,-0.4531241151075418,-2.541946034738246,0.8157923766597366,-0.9356095338214974,-1.212486196912189,-0.05702339660579123,-8.520075950978184,2.662193643159522,-1.8343305702353025,-0.4472276157714037,2.293942391489416,-1.0809447945191715,1.714370215042837,-4.843758497181447,1.5240171549223036,-3.3473434432925826,2.5344773696724827,1.4945160151975112,0,0
172.68238019517563,0.2917471094993047,7.257435926749922,0.6693340210479097,2.2848485637841565,3.3396048798527627,-6.916370466655743,0.223743211936267,-6.143227440184109,2.219079198653939,0.6283578277217207,1.3057241139462175,-3.3407840069157517,1.5894281653160882,-1.2417469559110428,-1.095156122715811,-2.1470971657626436,0.1617619032768559,0.062051690983736196,0.8918873398105729,1.549976400865646,-2.4937615758791862,-1.20088282830831,-0.975446894384244,-0.8805126824821938,1.4792509156859066,-1.4420665309796892,-0.08619035932032748,1.3167811472585158,-0.28637364801492904,0.3308796381183682,0.28970417080450117,0.7318937263179027,1.4860493306754232,-1.5581140927550876,-0.2129735909273609,0,0
149.0911095749396,-8.53193693959765,-25.90862383959656,5.397739079393728,15.663391674199307,2.6915827555216585,-12.832144326261522,1.1909937008537739,8.142916083418688,14.343642848113603,3.9990414652493262,-4.382045553499976,-0.04753153812214569,-5.0261394439900995,-3.4084188919583807,1.846917970070577,3.5621016538902284,-4.082174459828106,-4.500225606668337,-2.608038946847032,2.9940370581826574,4.1572403261446755,-2.7728618833225442,-8.926694745481331,-0.7764986363109221,0.7826374541782996,3.941768331325207,-1.5092737598980799,-7.892959420945989,-4.325515737385161,0.20938797742607237,0.664123061951553,-1.7098591689535483,0.3896107657376621,0.5935099480654813,-2.1617057659705123,0,0
149.09110957493945,-8.531936939598376,-25.908623839597038,5.39773907954845,15.663391667427298,2.691582743628796,-12.832144316185488,1.1909936105278058,8.142916108368661,14.343642856128085,3.9990414204125804,-4.382045239587018,-0.04755124216180173,-5.026185465275115,-3.4081274476425327,1.8468390446479401,3.5620078907831214,-4.0818165662672605,-4.50052930432789,-2.607953917112396,2.9953937083905497,4.154925683801601,-2.7774344014928185,-8.921823462394556,-0.7711115324273992,0.7919313056025938,3.9260805212830903,-1.494738936403235,-7.893939448133844,-4.323567008189276,0.1951652503717226,0.7913347477428563,-1.844257909606247,-0.1417507074759219,0.9688294854731052,-2.2509961483572667,1,1
-114.36528130762959,-4.848235689827158,12.404210479684153,-5.092673862546942,-4.021597371745655,0.585133105765709,1.9151632212626928,0.7036855985246386,-2.13369094228249,3.9161635218097524,-0.8892971156086724,-1.0284643057976968,-1.7166006357665005,1.7737904145719734,1.2339630673821658,1.3631444363207665,-1.6388374469379952,0.8986553188569195,-2.710393865860323,0.3634575035073614,0.7141230671047607,1.228657875619453,0.01514024046451884,-1.747084020234616,1.3995023587233133,-1.2800560073802885,0.971632199190325,0.4272077794119671,0.2608384486219998,-0.5140096668554595,-0.28025775528529995,-1.7794610931556272,-1.5562727266189036,1.4102244668763098,-2.5488275506556137,1.639744114151376,0,0
136.71202994247778,3.828950656776993,26.797057194845255,5.1623937488835745,12.797517197603,13.245256484315764,-6.822598904979934,1.4798238992603323,-14.357994787124474,4.426173066941772,3.8073753580316243,3.8507327273044547,-14.366463037283285,6.584638176872028,-4.175177597884333,-5.093568162603805,-7.93339171398364,0.9486038047748461,0.3172419529291819,3.274520423859818,3.7615111380245567,-9.735171020730846,-3.7253387104040177,-4.154844016973796,-2.4975251869613193,3.591305943060889,-2.7600125060557326,0.09763791580176928,3.605670766411419,-1.9372002958083212,0.23249977073707254,-0.9407449307646873,2.3741106173806354,6.561213963947152,-3.6974906736978306,-0.18524093605613534,1,1
-96.2976383419031,-8.190449162376538,7.891599619139747,-21.980071896056554,-1.7755387300958971,7.9568532352287935,8.394206922677496,-5.173243987619781,-12.527970527654373,11.472533921401899,3.797668007279845,2.791695752360888,-3.18504758356567,-2.971009917235885,1.6694679361349383,-3.42550033223575,-2.765880492511506,-2.259062811072955,-8.996473288252947,-7.378075536864557,2.390890047614401,-2.36832548784989,0.38054316974398017,-4.3499476176825,-0.17398172589862243,-0.5108926495568178,-0.6646160991998556,-3.805613514579882,-1.8513226948754693,1.6448508883254538,-1.34017777606096,0.7721147997030241,-2.898551577591642,1.9914003328995187,3.5246058175581085,-3.100072068567841,0,0
72.07467410308666,1.5091478558605531,-2.0144864308373105,-9.369093103505385,-1.4477120612231138,2.0531045812596234,-3.6749552680295205,-5.712435420329733,4.558508511974626,-3.412049751200831,10.387431625445068,-2.8891103486873426,-0.8309042243991401,-3.116393379568413,-8.607532643147392,3.904418514730743,4.7471069179008145,13.213554832517344,-1.0901082059359244,-6.192277738965036,5.306343159944736,-0.5926716454615104,0.6640745121736449,5.073549502448091,-5.197455713490538,-2.630266246730889,-4.3979491867672404,-1.5659335743176455,-0.9986655914731659,-2.7639398092284315,-0.7260858819783594,1.9098128312270526,0.1903276798393223,-0.09318720754671661,3.3392063127136784,-4.0666303447907595,0,0
-57.4975266016163,-32.393342178046026,-28.586865559271423,-3.509125190633257,18.972062728178624,1.3905063316398785,-3.4725119480328654,32.43777490181311,-4.078516414800472,30.083486283700882,14.457726170268407,-4.289801298371131,-1.8888911089695937,1.579262535433461,-4.910195495242524,-3.299640252981587,5.0439534092678855,0.8436001614053336,4.869110295175974,-4.084579022088377,3.6977392622568823,0.4656888806266778,-5.401287058783613,-1.660983710713346,0.6021869686134895,0.31838645005246036,-4.9522343414501915,-0.6266975140191565,0.7017565768589384,7.976552248820252,4.223488897580676,2.662063267907577,1.1203440559028361,0.556479779807696,-1.5508073703719512,1.9306246348599247,1,1
-6.522508374870312,13.665317224810154,12.48104223601276,-2.2926891500662454,4.93243392477688,2.8193442509649005,-9.623138793834501,-2.1589181057799363,0.2765699909988498,3.720666589331648,5.52659313139881,2.5675025639763702,-7.952759753087963,7.486119321724502,-3.984916816402377,-8.899460371705867,-2.425437054827463,0.20307051610208038,-1.3354701132923703,-0.027703465826183965,-1.2530180317447388,2.6305112329690825,-7.64512364826166,-1.5619509260609736,2.3854267292382056,5.672252440284824,1.5821139754165237,-0.6561158428935185,-0.9911340261520234,0.05747909156100684,-0.17541683928904955,-0.29621182014606784,0.8132952210857187,0.22586439589670765,-0.7700004676523239,-2.08625336865522,0,0
136.71202994247778,3.828950656776993,26.797057194845255,5.1623937488835745,12.797517197603,13.245256484315764,-6.822598904979934,1.4798238992603323,-14.357994787124474,4.426173066941772,3.8073753580316243,3.8507327273044547,-14.366463037283285,6.584638176872028,-4.175177597884333,-5.093568162603805,-7.93339171398364,0.9486038047748461,0.3172419529291819,3.274520423859818,3.7615111380245567,-9.735171020730846,-3.7253387104040177,-4.154844016973796,-2.4975251869613193,3.591305943060889,-2.7600125060557326,0.09763791580176928,3.605670766411419,-1.9372002958083212,0.23249977073707254,-0.9407449307646873,2.3741106173806354,6.561213963947152,-3.6974906736978306,-0.18524093605613534,1,1
78.74625348428678,-2.780590628110256,60.614516279304226,-2.683825499061429,0.4589640187669975,-9.228306783491433,-5.447909170810729,-10.188317575789922,19.353568626564673,15.526407562308131,-8.903367010009715,-10.097225557360643,-13.75370374339833,16.533385405076665,-11.390265828865214,0.04772498185474691,-10.439877391281827,-1.529335889537327,5.285529161961651,-1.8468529801630738,-1.8755888969190315,7.397752052727283,7.80219232136721,2.8628902674095307,-3.784242875432085,-6.8334724360565975,0.9259542776250218,0.843989867447885,5.388260550829825,3.8766595846403575,0.17299932245861638,-3.9950224215996863,0.04325800398921352,-3.0496032446962262,0.11527189587937885,-1.229280179188712,1,1
129.85536986721235,12.549865754770693,10.705186300209254,8.391687214769801,-10.722357773989676,-2.6206581330583223,-8.117511551476603,-6.652641980314777,0.4062472252703371,-13.123700160073042,0.5945793246123807,-8.867435536925818,10.904610165259772,-3.306256207632408,-3.020930954266177,4.268449352978983,1.0054335015696412,1.6607310601342082,4.824301153988852,2.6864402159439975,0.6665054684600429,-2.097409509715388,-8.994927283732695,-3.039392774856709,-0.6800417129638385,-1.431498224610208,-0.4907377515528988,-1.1002466993064677,1.6072970100348978,2.7297240330943704,2.684850750875942,0.3869302069280862,4.348712256980949,-1.2129173462117246,-1.8126636982722644,2.919110778046566,1,1
-88.20851409117951,1.5341338749786824,26.821833033749957,0.48634080087890164,-3.4184549200340357,-14.671347476238106,-8.7646989324048,-5.631725753071987,0.4879528061945221,-5.378834529919288,-8.140914162548738,-1.7437005876316793,-5.4895218409185915,1.9021656289731526,10.666922616701546,-2.5341946977316288,3.168339754200528,3.915078722818769,-0.07732580720894638,6.039278505182521,4.002187096403895,5.980007507073791,-0.7771326570966043,-3.5198795658070208,4.840111685954135,-6.3578842936376665,-0.38659407847602933,-3.2556624543502513,-4.228871744436725,-3.4490325273524234,3.551634533347518,5.6721228012322955,-3.963292682770159,-1.1197183381492917,-2.92006392525142,0.8838068340931007,1,1
172.68238019517545,0.29174710949946125,7.25743592674996,0.6693340210431235,2.2848485632093936,3.339604881015605,-6.916370461291768,0.22374322756362597,-6.143227436431845,2.219079192578678,0.6283571210945446,1.3057248677178772,-3.340782146862447,1.5894400027267315,-1.2418196321230068,-1.0952052899775677,-2.1470592831367528,0.1616755507876056,0.06198380512208934,0.8917181694705203,1.5496736418503319,-2.4928824675912304,-1.19978208100556,-0.9767750944029288,-0.8817904520016968,1.4788516849958973,-1.446907104935732,-0.08186871835228948,1.3272821325326283,-0.28832131268078953,0.3392149634811247,0.2657742306618079,0.7786361913430665,1.759166375584374,-1.3080034874559512,-0.24808527746777065,1,1
-18.003597484551644,1.1310230333541664,-4.439412244040269,-2.307965551722473,0.2984282913601342,-0.9970347410036279,-0.8970405801452066,-0.824142996398303,-0.47453811650738975,1.3994590297807086,-0.17394256143490777,0.9140064373627691,0.47714352180708886,-0.3697820668897264,-0.6246107517657983,-0.12562776267896547,-0.34996685835823416,-0.4531092233636531,0.6683680243207628,-0.24722141801542333,-0.1418044115839944,0.22109435241322234,0.11029518427585912,0.10702774481884272,-0.6385510899142046,-0.19222376824759216,-0.2144411083747278,-0.07313260836453175,-0.9260684918047932,-0.1843291702921674,0.2729851765113288,0.054212741475619323,0.09542677890123921,0.3406547802370224,-0.1774976596319426,0.15098280037125306,0,1
63.79303821413284,-12.129364284459417,-11.697067098482139,-6.42967762097808,4.722415617670444,4.416188362481506,-2.941392530037779,2.6090208354057522,-0.8351700552242812,1.0970577489412077,-0.2829703172043597,4.07523040951908,-1.908788245326969,-1.2098238268199537,0.4777662533494386,-1.4963164851073747,-0.8871827332322868,0.7913072654832297,3.187823857165618,-4.661433603094372,-1.8399063518779948,0.2552887654674496,1.0445460514933511,1.1701293113207667,2.2350069371646093,1.8603177916315903,-0.2657510651158362,2.375180445043337,-0.05158760912695637,-0.5213710176359485,-0.3666045853106225,-0.49932269618116476,0.4917050241546307,-0.2572527123880787,2.517718131606959,-0.11195617496905302,0,1
172.68238019517545,0.29174710949946125,7.25743592674996,0.6693340210431235,2.2848485632093936,3.339604881015605,-6.916370461291768,0.22374322756362597,-6.143227436431845,2.219079192578678,0.6283571210945446,1.3057248677178772,-3.340782146862447,1.5894400027267315,-1.2418196321230068,-1.0952052899775677,-2.1470592831367528,0.1616755507876056,0.06198380512208934,0.8917181694705203,1.5496736418503319,-2.4928824675912304,-1.19978208100556,-0.9767750944029288,-0.8817904520016968,1.4788516849958973,-1.446907104935732,-0.08186871835228948,1.3272821325326283,-0.28832131268078953,0.3392149634811247,0.2657742306618079,0.7786361913430665,1.759166375584374,-1.3080034874559512,-0.24808527746777065,1,1
30.584930502658256,6.557983758741418,7.178818986895795,-3.6346065352114176,-3.855172199988967,-1.0493421230309508,-2.4913331750184824,0.871218885430034,0.7814673529923559,-2.5436329306320395,1.6270809962254653,0.32203724599790273,0.011769373047015821,0.8771724389008656,-1.8945751497168688,2.535424117316844,-0.29640370656520304,0.7029450993429195,-0.3957469287676394,0.25648261474496137,-0.37199372176360324,0.47644569335653,-0.47064478331018134,0.7573355761367818,-1.4851846400738375,-1.2661294898283035,-1.6183065889550121,-0.3024579503085728,-1.513490088957884,0.853644978053832,0.8080462967010211,2.346687688306884,-0.23545226979574566,0.7944580211689265,1.4959602391895277,-0.6718374895035581,0,0
38.26465496195636,91.76049875634835,-6.123507366167314,-13.428038997903329,10.690694805971962,-8.77102596965796,4.604811274135778,4.923381076525759,-2.1015786071017555,2.1787402153485367,10.310139049429164,-1.3401828956638662,-11.791944926910796,-6.916310556208435,4.465140299952161,3.797150986509616,-3.615850016270673,2.2556835948351983,0.14592068333175545,0.6173649570598656,0.1469524321433791,4.173550643524799,1.320619740935303,2.1910072625072337,5.185952612752195,-1.6205957517887388,3.5922774769677575,0.9400711122180463,-1.0068574422791692,-0.6503580987147604,-2.8313362697816933,-0.8598519838751727,-0.02866286246187122,-1.4706251967219757,0.5644948411364712,1.456698025166506,0,0
172.68238019517545,0.29174710949946125,7.25743592674996,0.6693340210431235,2.2848485632093936,3.339604881015605,-6.916370461291768,0.22374322756362597,-6.143227436431845,2.219079192578678,0.6283571210945446,1.3057248677178772,-3.340782146862447,1.5894400027267315,-1.2418196321230068,-1.0952052899775677,-2.1470592831367528,0.1616755507876056,0.06198380512208934,0.8917181694705203,1.5496736418503319,-2.4928824675912304,-1.19978208100556,-0.9767750944029288,-0.8817904520016968,1.4788516849958973,-1.446907104935732,-0.08186871835228948,1.3272821325326283,-0.28832131268078953,0.3392149634811247,0.2657742306618079,0.7786361913430665,1.759166375584374,-1.3080034874559512,-0.24808527746777065,0,0
123.74308399753623,-60.917230583111404,3.79990768399247,-17.252049249814725,2.5346666084326386,-3.1171637666752385,-4.307154005211215,5.686716170140933,-1.7883814088365437,-4.728387512672175,4.894213958240573,-7.7510787892431985,-3.4167033293027833,-4.003770183296497,1.3920930885228724,5.38713712458547,-2.828141717975001,0.2524822053427806,4.118200633225424,0.40071178962780424,0.914871288351813,0.12836787726344712,0.03807213931630882,-1.426736033043601,0.7332555102427568,0.7162933283405328,3.6898380371887454,-2.1044952576624905,0.42340092473689894,-2.422326004814258,-4.212593985423909,0.22064564593152342,0.47224042149462814,4.2160362809195036,5.515901193218786,1.9809526661659902,0,0
172.68238019517545,0.29174710949946125,7.25743592674996,0.6693340210431235,2.2848485632093936,3.339604881015605,-6.916370461291768,0.22374322756362597,-6.143227436431845,2.219079192578678,0.6283571210945446,1.3057248677178772,-3.340782146862447,1.5894400027267315,-1.2418196321230068,-1.0952052899775677,-2.1470592831367528,0.1616755507876056,0.06198380512208934,0.8917181694705203,1.5496736418503319,-2.4928824675912304,-1.19978208100556,-0.9767750944029288,-0.8817904520016968,1.4788516849958973,-1.446907104935732,-0.08186871835228948,1.3272821325326283,-0.28832131268078953,0.3392149634811247,0.2657742306618079,0.7786361913430665,1.759166375584374,-1.3080034874559512,-0.24808527746777065,0,0
38.90480787331165,3.2912079456083623,-0.4758766256403334,-6.023956357565052,-2.4908015993730714,-6.1745737273840895,-1.9818212610943085,5.729218052763757,0.11006802742267718,-5.429960011104906,-1.8144113903364019,-7.710550843629911,-9.180853172299393,-4.161360304838855,1.953590891671114,0.3693088911713709,-0.7145786508012448,-4.939778654392995,-2.543419084850457,-7.857894076814699,-2.436998740501948,-6.864430388524335,-2.3935589676172446,3.9402304025638935,10.074896061488502,-4.385827571410633,5.122819992977299,6.228726867435054,-0.822369844637694,0.9654721505367494,1.7152947818869562,2.3224758674716437,-0.3857526660323878,-1.7602448945418256,-1.9998231376454834,-4.332895319419329,0,0
172.6823801951755,0.29174710949928256,7.257435926750033,0.6693340210336611,2.284848562698051,3.3396048810026087,-6.916370474061822,0.2237432377309978,-6.143227416735495,2.2190792148682505,0.6283572491664412,1.3057236781607717,-3.340783365305538,1.589440760433881,-1.2417867246490504,-1.0951593224912115,-2.1471480976304105,0.16169325516106503,0.06203484293825978,0.8917448337942775,1.5497452709682102,-2.493711063568676,-1.200242137157546,-0.9752207646987419,-0.8829708745271267,1.4743417755504185,-1.4404545347702031,-0.08614642690432228,1.3285787681238916,-0.29691736276384195,0.3491651778557592,0.282497725565257,0.7642893367940956,1.740064438789086,-1.214140582629856,-0.22275109942840543,1,1
-114.36528130762963,-4.848235689827455,12.404210479683913,-5.092673862554963,-4.021597371167185,0.5851331039459828,1.915163210251679,0.7036855577341159,-2.13369090680369,3.91616339498768,-0.8892982076510066,-1.02846437529671,-1.7165936315071446,1.7737987653820166,1.2339410988041168,1.3631620010281829,-1.6390744572197973,0.8984670350864913,-2.710449857772444,0.3635200524125018,0.7137922104563366,1.2290610754842899,0.015253202437014002,-1.745355529913594,1.4007622590763908,-1.279231833692588,0.9895166411488563,0.4233345670725944,0.2803277737492065,-0.49287228791781523,-0.2629625185020228,-1.784620421348719,-1.574922219666454,1.5708857985009792,-2.3042075644684985,1.6530931959663056,0,0
-57.49752660161633,-32.393342178045266,-28.586865559272102,-3.5091251906501024,18.972062738664487,1.390506316930413,-3.472511888352457,32.43777482978861,-4.0785163314479345,30.083486594565784,14.457723648588226,-4.289792128461291,-1.8888777208159386,1.5791822350972489,-4.909937626549542,-3.2996148696234378,5.043784678886779,0.8436925858812319,4.869127550004485,-4.084047534277019,3.6972078959122063,0.46734660192827904,-5.4018484569163165,-1.6601615748923015,0.6037664715265711,0.32352812859725644,-4.935517373684009,-0.5928166632875317,0.6245725238928631,7.973109360221155,4.267006304910333,2.876714027561853,1.168461444682222,0.4492038943251291,-1.7856390724764797,2.509715140904173,1,1
96.68526202440052,2.8703132408443572,11.233879817142888,23.72007761967056,13.658972294155776,22.19809216399754,-12.37108795938391,-2.592778139308311,5.047650534141682,-0.24699486311849306,-5.5210814715534955,2.827329281764459,-2.6743289897371825,11.631323102458767,-4.927249073819053,6.438341668245285,10.196268449894609,-7.479137492235354,1.7930732714625868,-0.9404326097033109,-3.028304748803459,-1.1259075380841614,3.5994864249438816,5.817582594422749,-1.4421479060284996,2.106543942842529,-0.07805731437418495,1.1059916572564858,-6.319648784587819,4.381166217667074,2.028241891511653,0.9198529258051248,6.421661473380626,3.887517778554556,5.10867064351653,2.707699263443974,1,1
136.71202994247787,3.8289506567763287,26.79705719484538,5.16239374890956,12.797517193943545,13.245256483946784,-6.822598935318103,1.4798239361541488,-14.357994765348497,4.426173255673445,3.80737508427409,3.8507302410254796,-14.3664643329293,6.58465428263146,-4.17509024875619,-5.093467854113681,-7.9338512968026045,0.9487366186082231,0.3175095860939692,3.274903012229855,3.762037616477375,-9.737766829486334,-3.7274945208179977,-4.1484812177573955,-2.5061734309985004,3.5763216538130735,-2.7379115759512427,0.08795635526541656,3.6070728301274357,-1.9382360336453088,0.26410186187227713,-0.9017400555106228,2.371585820247503,6.350997616006331,-3.4125147015697728,-0.2734886490866355,1,1
-112.24135461160098,-5.266624739795982,12.40715489138794,-5.242307309129508,-4.0312526349057265,0.8772128924829621,1.8565782533791908,1.0198372599682441,-2.131392055103002,3.973448427442472,-0.848543258328452,-1.0518259484909371,-1.7365695523459554,1.5238375600300835,1.0596850080635019,1.451978039152918,-1.7632567367765768,0.9241544026727286,-2.720551327532092,0.2132922420312272,0.7169810625651172,1.1745106730206132,0.07929286490155085,-1.8171746060198768,1.483321659888564,-1.3203348338099012,1.1042734473406444,0.5260100842082092,0.27058214391882907,-0.5342563498788178,-0.3187268240825277,-1.9015329294801564,-1.6119123241850204,1.4911352311039692,-2.3165158603150036,1.6272570364916934,0,0
172.6823801951755,0.29174710949928256,7.257435926750033,0.6693340210336611,2.284848562698051,3.3396048810026087,-6.916370474061822,0.2237432377309978,-6.143227416735495,2.2190792148682505,0.6283572491664412,1.3057236781607717,-3.340783365305538,1.589440760433881,-1.2417867246490504,-1.0951593224912115,-2.1471480976304105,0.16169325516106503,0.06203484293825978,0.8917448337942775,1.5497452709682102,-2.493711063568676,-1.200242137157546,-0.9752207646987419,-0.8829708745271267,1.4743417755504185,-1.4404545347702031,-0.08614642690432228,1.3285787681238916,-0.29691736276384195,0.3491651778557592,0.282497725565257,0.7642893367940956,1.740064438789086,-1.214140582629856,-0.22275109942840543,1,1
71.32914203185057,-1.634111446852081,-19.736495014194663,3.0638983329003375,-3.3723874739697575,-12.123853208401764,-4.671960172511329,0.505952732761167,-6.025283605703041,2.5215371853658644,-1.0467698010592155,-0.9599904733621784,6.275485453581442,4.974115092473529,6.130967464778762,0.9659848939569361,-3.065195370860688,-3.4279857024159672,-1.6291070352964163,1.3282422827040428,0.8262776613234946,-3.493260143743128,5.225376966360199,-4.77701287613631,-4.063817379921017,1.8223276500240986,-3.186219111872003,3.392133350621248,2.0798545462509646,-1.8912348763538325,0.6347809797354887,0.8422750133234964,3.3853009245187913,-1.7160791430494515,-1.036358283889757,-1.238435432711745,0,0
172.6823801951755,0.29174710949928256,7.257435926750033,0.6693340210336611,2.284848562698051,3.3396048810026087,-6.916370474061822,0.2237432377309978,-6.143227416735495,2.2190792148682505,0.6283572491664412,1.3057236781607717,-3.340783365305538,1.589440760433881,-1.2417867246490504,-1.0951593224912115,-2.1471480976304105,0.16169325516106503,0.06203484293825978,0.8917448337942775,1.5497452709682102,-2.493711063568676,-1.200242137157546,-0.9752207646987419,-0.8829708745271267,1.4743417755504185,-1.4404545347702031,-0.08614642690432228,1.3285787681238916,-0.29691736276384195,0.3491651778557592,0.282497725565257,0.7642893367940956,1.740064438789086,-1.214140582629856,-0.22275109942840543,1,1
-16.361391817460795,-0.3141311141921118,-1.0080167733046144,1.4477107899815873,-0.060058721559311884,-0.36587924968392005,4.058987840395969,-1.5787762099576417,0.7474143234640518,-0.6024339398616927,0.658691406834511,-0.6496691658653466,-1.0808783676979574,-1.347330545629222,-0.3943839613717967,1.814776540345714,-0.4486265871266109,1.2884891316771994,-2.5119570301620042,2.3821107782006563,-1.8890960808835267,-1.0822211733414921,0.5923232613328682,0.025811171365939804,0.7858089891037076,-1.6246149893314628,-0.7114805439002209,-0.1384639753684958,0.4122853691860546,-0.13751757760182998,0.017261873876085028,-0.028533246579621002,-0.719710386197061,-0.6584587626664604,0.5799191233882172,-0.013315619549906454,0,1
-34.73545271435768,2.172786151655923,-5.057153556505761,0.21702770600781,-0.5023221814616133,0.40199815471516354,-1.3222269857586892,-0.5963761146097118,0.3513905352602113,0.29011642711236935,0.27908377675417007,0.5161793082234459,0.15956956246421444,0.014254582123135073,-0.11708543379278769,-0.09646422299620966,-0.4341655771734477,-0.6156084588639192,-0.27624405374912403,0.016860836989635898,-0.10846575548658421,-0.1518610141745081,0.8432170690870964,-0.9202669963129402,1.0777856567489814,0.31386906010756715,-0.2591395313131141,0.48243459481818923,-0.4533168350296217,-0.2896790451185438,-0.21678202836098523,-0.9464369293995727,0.037595970879916604,0.3182483677781998,0.08554355324484421,-0.39882552324819887,0,1
172.6823801951755,0.29174710949928256,7.257435926750033,0.6693340210336611,2.284848562698051,3.3396048810026087,-6.916370474061822,0.2237432377309978,-6.143227416735495,2.2190792148682505,0.6283572491664412,1.3057236781607717,-3.340783365305538,1.589440760433881,-1.2417867246490504,-1.0951593224912115,-2.1471480976304105,0.16169325516106503,0.06203484293825978,0.8917448337942775,1.5497452709682102,-2.493711063568676,-1.200242137157546,-0.9752207646987419,-0.8829708745271267,1.4743417755504185,-1.4404545347702031,-0.08614642690432228,1.3285787681238916,-0.29691736276384195,0.3491651778557592,0.282497725565257,0.7642893367940956,1.740064438789086,-1.214140582629856,-0.22275109942840543,1,1
-114.36528130762963,-4.848235689827455,12.404210479683913,-5.092673862554963,-4.021597371167185,0.5851331039459828,1.915163210251679,0.7036855577341159,-2.13369090680369,3.91616339498768,-0.8892982076510066,-1.02846437529671,-1.7165936315071446,1.7737987653820166,1.2339410988041168,1.3631620010281829,-1.6390744572197973,0.8984670350864913,-2.710449857772444,0.3635200524125018,0.7137922104563366,1.2290610754842899,0.015253202437014002,-1.745355529913594,1.4007622590763908,-1.279231833692588,0.9895166411488563,0.4233345670725944,0.2803277737492065,-0.49287228791781523,-0.2629625185020228,-1.784620421348719,-1.574922219666454,1.5708857985009792,-2.3042075644684985,1.6530931959663056,0,0
